{
  "ffC_cVm1MdY": {
    "user_name": "zhang kaiyv",
    "user_url": "https://unsplash.com/@zhangkaiyv?utm_source=unsample&utm_medium=referral&utm_campaign=api-credit",
    "photo_url": "https://unsplash.com/photos/ffC_cVm1MdY?utm_source=unsample&utm_medium=referral&utm_campaign=api-credit"
  },
  "qaDi7CQBNiA": {
    "user_name": "Jiachen Lin",
    "user_url": "https://unsplash.com/@jiachenlin?utm_source=unsample&utm_medium=referral&utm_campaign=api-credit",
    "photo_url": "https://unsplash.com/photos/qaDi7CQBNiA?utm_source=unsample&utm_medium=referral&utm_campaign=api-credit"
  },
  "pjhNlVOmaqI": {
    "user_name": "Omar Ram",
    "user_url": "https://unsplash.com/@lazyomar?utm_source=unsample&utm_medium=referral&utm_campaign=api-credit",
    "photo_url": "https://unsplash.com/photos/pjhNlVOmaqI?utm_source=unsample&utm_medium=referral&utm_campaign=api-credit"
  },
  "7KBMD7FQTJI": {
    "user_name": "David Brooke Martin",
    "user_url": "https://unsplash.com/@dbmartin00?utm_source=unsample&utm_medium=referral&utm_campaign=api-credit",
    "photo_url": "https://unsplash.com/photos/7KBMD7FQTJI?utm_source=unsample&utm_medium=referral&utm_campaign=api-credit"
  },
  "y12ux9SMQKA": {
    "user_name": "Dave Flurry",
    "user_url": "https://unsplash.com/@daveflurryhq?utm_source=unsample&utm_medium=referral&utm_campaign=api-credit",
    "photo_url": "https://unsplash.com/photos/y12ux9SMQKA?utm_source=unsample&utm_medium=referral&utm_campaign=api-credit"
  },
  "WB0V3nRUmCg": {
    "user_name": "Dave Flurry",
    "user_url": "https://unsplash.com/@daveflurryhq?utm_source=unsample&utm_medium=referral&utm_campaign=api-credit",
    "photo_url": "https://unsplash.com/photos/WB0V3nRUmCg?utm_source=unsample&utm_medium=referral&utm_campaign=api-credit"
  },
  "qvFLVaFB8P8": {
    "user_name": "Ray ZHUANG",
    "user_url": "https://unsplash.com/@paracetamol?utm_source=unsample&utm_medium=referral&utm_campaign=api-credit",
    "photo_url": "https://unsplash.com/photos/qvFLVaFB8P8?utm_source=unsample&utm_medium=referral&utm_campaign=api-credit"
  },
  "02F5JVpW2Es": {
    "user_name": "Max Wang",
    "user_url": "https://unsplash.com/@n00b1ephotographer?utm_source=unsample&utm_medium=referral&utm_campaign=api-credit",
    "photo_url": "https://unsplash.com/photos/02F5JVpW2Es?utm_source=unsample&utm_medium=referral&utm_campaign=api-credit"
  },
  "td3PkgUCQmc": {
    "user_name": "Eugenia Shustikova",
    "user_url": "https://unsplash.com/@evgeshencia?utm_source=unsample&utm_medium=referral&utm_campaign=api-credit",
    "photo_url": "https://unsplash.com/photos/td3PkgUCQmc?utm_source=unsample&utm_medium=referral&utm_campaign=api-credit"
  },
  "h-IdXTl-B-Q": {
    "user_name": "Nal",
    "user_url": "https://unsplash.com/@corpease?utm_source=unsample&utm_medium=referral&utm_campaign=api-credit",
    "photo_url": "https://unsplash.com/photos/h-IdXTl-B-Q?utm_source=unsample&utm_medium=referral&utm_campaign=api-credit"
  },
  "7sPqwoDd0Ck": {
    "user_name": "Shakhnoza Mir",
    "user_url": "https://unsplash.com/@smirkhaydarova17?utm_source=unsample&utm_medium=referral&utm_campaign=api-credit",
    "photo_url": "https://unsplash.com/photos/7sPqwoDd0Ck?utm_source=unsample&utm_medium=referral&utm_campaign=api-credit"
  },
  "QjjNxCXbhoc": {
    "user_name": "Parker Coffman",
    "user_url": "https://unsplash.com/@lackingnothing?utm_source=unsample&utm_medium=referral&utm_campaign=api-credit",
    "photo_url": "https://unsplash.com/photos/QjjNxCXbhoc?utm_source=unsample&utm_medium=referral&utm_campaign=api-credit"
  },
  "X389VqFCjiI": {
    "user_name": "Luis Eduardo",
    "user_url": "https://unsplash.com/@dujo?utm_source=unsample&utm_medium=referral&utm_campaign=api-credit",
    "photo_url": "https://unsplash.com/photos/X389VqFCjiI?utm_source=unsample&utm_medium=referral&utm_campaign=api-credit"
  },
  "oONEj09YJo4": {
    "user_name": "Ray ZHUANG",
    "user_url": "https://unsplash.com/@paracetamol?utm_source=unsample&utm_medium=referral&utm_campaign=api-credit",
    "photo_url": "https://unsplash.com/photos/oONEj09YJo4?utm_source=unsample&utm_medium=referral&utm_campaign=api-credit"
  },
  "BxXupp6MVqo": {
    "user_name": "Kari Shea",
    "user_url": "https://unsplash.com/@karishea?utm_source=unsample&utm_medium=referral&utm_campaign=api-credit",
    "photo_url": "https://unsplash.com/photos/BxXupp6MVqo?utm_source=unsample&utm_medium=referral&utm_campaign=api-credit"
  },
  "30G2d7j39rI": {
    "user_name": "Ray ZHUANG",
    "user_url": "https://unsplash.com/@paracetamol?utm_source=unsample&utm_medium=referral&utm_campaign=api-credit",
    "photo_url": "https://unsplash.com/photos/30G2d7j39rI?utm_source=unsample&utm_medium=referral&utm_campaign=api-credit"
  },
  "sf65nMhY620": {
    "user_name": "Yosei G",
    "user_url": "https://unsplash.com/@yoseig?utm_source=unsample&utm_medium=referral&utm_campaign=api-credit",
    "photo_url": "https://unsplash.com/photos/sf65nMhY620?utm_source=unsample&utm_medium=referral&utm_campaign=api-credit"
  },
  "9u3EPqw1aDo": {
    "user_name": "Matteus Silva",
    "user_url": "https://unsplash.com/@matteusilva?utm_source=unsample&utm_medium=referral&utm_campaign=api-credit",
    "photo_url": "https://unsplash.com/photos/9u3EPqw1aDo?utm_source=unsample&utm_medium=referral&utm_campaign=api-credit"
  },
  "wvBXdGzGzBA": {
    "user_name": "Ondra Mach",
    "user_url": "https://unsplash.com/@pariz123?utm_source=unsample&utm_medium=referral&utm_campaign=api-credit",
    "photo_url": "https://unsplash.com/photos/wvBXdGzGzBA?utm_source=unsample&utm_medium=referral&utm_campaign=api-credit"
  },
  "-f645s-ceaM": {
    "user_name": "REEET JANK",
    "user_url": "https://unsplash.com/@reeet_jank?utm_source=unsample&utm_medium=referral&utm_campaign=api-credit",
    "photo_url": "https://unsplash.com/photos/-f645s-ceaM?utm_source=unsample&utm_medium=referral&utm_campaign=api-credit"
  },
  "vBgmFpOwWHw": {
    "user_name": "Rohan",
    "user_url": "https://unsplash.com/@rohanphoto?utm_source=unsample&utm_medium=referral&utm_campaign=api-credit",
    "photo_url": "https://unsplash.com/photos/vBgmFpOwWHw?utm_source=unsample&utm_medium=referral&utm_campaign=api-credit"
  },
  "wfA3SaSOP-s": {
    "user_name": "Roman Skrypnyk",
    "user_url": "https://unsplash.com/@timesnewroman14?utm_source=unsample&utm_medium=referral&utm_campaign=api-credit",
    "photo_url": "https://unsplash.com/photos/wfA3SaSOP-s?utm_source=unsample&utm_medium=referral&utm_campaign=api-credit"
  },
  "q1eMnn0Z-x8": {
    "user_name": "Ondra Mach",
    "user_url": "https://unsplash.com/@pariz123?utm_source=unsample&utm_medium=referral&utm_campaign=api-credit",
    "photo_url": "https://unsplash.com/photos/q1eMnn0Z-x8?utm_source=unsample&utm_medium=referral&utm_campaign=api-credit"
  },
  "N0PMapJSpag": {
    "user_name": "Stacey Martin",
    "user_url": "https://unsplash.com/@staceyhfc10?utm_source=unsample&utm_medium=referral&utm_campaign=api-credit",
    "photo_url": "https://unsplash.com/photos/N0PMapJSpag?utm_source=unsample&utm_medium=referral&utm_campaign=api-credit"
  },
  "41uaDyXTjNQ": {
    "user_name": "Pedro da Silva",
    "user_url": "https://unsplash.com/@pedroplus?utm_source=unsample&utm_medium=referral&utm_campaign=api-credit",
    "photo_url": "https://unsplash.com/photos/41uaDyXTjNQ?utm_source=unsample&utm_medium=referral&utm_campaign=api-credit"
  }
}